CAMPUS_NAME,WALK_COUNT,CITY,STATE,ZIPCODE,LATITUDE,LONGITUDE
University of Central Florida- Orlando (Main),18,Orlando,FL,32816,28.61,-81.2
University of Nevada-Las Vegas- Shadown Lane,1,Las Vegas,NV,89106,36.16,-115.16
University of Florida- Gainesville (Main),7,Gainesville,FL,32611,29.61,-82.37
Bucks County Community College- Newtown (Main),3,Newtown,PA,18940,40.24,-74.97
University of West Georgia - Carrolton (Main),1,Carrollton,GA,30118,33.57,-85.1
Southern Utah University,3,Cedar City,UT,84720,37.68,-113.07
Northwest State Community College,1,Archbold,OH,43502,41.45,-84.3
West Liberty University,2,Wheeling,WV,26003,40.16,-80.6
Oregon State University,1,Corvallis,OR,97331,44.56,-123.28
Canisius College,1,Buffalo,NY,14208,42.92,-78.85
Indiana State University,1,Terre Haute,IN,47809,39.47,-87.41
Central Arizona College- Signal Peak,1,Coolidge,AZ,85128,32.955976,-111.6520575
University of Redlands,2,Redlands,CA,92374,34.06,-117.16
Central Arizona College- Maricopa,1,Maricopa,AZ,85138,33.04,-112
Idaho State University- Meridien,1,Meridian,ID,83642,43.59,-116.38
Northern State University,1,Aberdeen,SD,57401,45.45,-98.48
South Georgia State College - Waycross,1,Waycross,GA,31503,31.21,-82.39
Wenatchee Valley College,2,Wenatchee,WA,98801,47.43,-120.33
University of Northern Colorado,1,Greeley,CO,80631,40.41,-104.69
Glendale Community College,1,Glendale,AZ,85302,33.57,-112.19
University of North Carolina Wilmington,2,Wilmington,NC,28403,34.23,-77.88
University of Wisconsin - Milwaukee at Washington County,1,West Bend,WI,53095,43.42,-88.21
Stockton University,1, Galloway,NJ,08205,39.49302,-74.5363988
James Madison University,6,Harrisonburg,VA,22801,38.44,-78.88
California State University-Long Beach,2,Long Beach,CA,90815,33.78,-118.12
Roger Williams University - Bristol (Main),1,Bristol,RI,2809,41.65,-71.26
Grove City College,1,Grove City,PA,16127,41.16,-80.08
University of North Carolina at Charlotte,1,Charlotte,NC,28223,35.3,-80.73
Suffolk University,1,Boston,MA,2108,42.36,-71.06
Eastern Washington University- (Main),1,Cheney,WA,99004,47.49,-117.58
Minnesota State Community and Technical College- Moorehead,1,Moorhead,MN,56560,46.85,-96.75
University of California-Riverside,1,Riverside,CA,92521,33.98,-117.33
BridgeValley Community & Technical College - South Charleston campus,1,South Charleston,WV,25303,38.35,-81.7
The John Marshall Law School - Chicago,1,Chicago,IL,60604,41.88,-87.63
East Tennessee State University,1,Johnson City,TN,37614,36.3,-82.37
Nebraska Indian Community College,1,Macy,NE,68039,42.12,-96.35
Iowa State University,4,Ames,IA,50011,42.03,-93.65
Colorado Northwestern Community College - Rangley (Main),1,Rangely,CO,81648,40.08,-108.79
Southern Methodist University,1,Dallas,TX,75205,32.84,-96.79
Clemson University,4,Clemson,SC,29634,34.68,-82.84
Baylor University,3,Waco,TX,76798,31.54,-97.12
Yale University - West,1,Orange,CT,6477,41.25,-73
California State University-San Marcos,3,San Marcos,CA,92078,33.13,-117.16
University of Arizona,3,Tucson,AZ,85721,32.23,-110.95
Roosevelt University - Downtown Chicago,1,Chicago,IL,60605,41.88,-87.62
Furman University,1,Greenville,SC,29613,34.92,-82.44
University of Central Arkansas,1,Conway,AR,72035,35.08,-92.46
Tarrant County College District- Northeast (Main),1,Hurst,TX,76054,32.85,-97.19
Pennsylvania State University-Penn State Abington,1,Abington,PA,19001,40.12,-75.11
Valdosta State University,2,Valdosta,GA,31698,30.85,-83.29
Texas Tech University,1,Lubbock,TX,79409,33.58,-101.88
Adams State University,1,Alamosa,CO,81101,37.47,-105.88
Wesleyan University,1,Middletown,CT,6459,41.56,-72.66
University of Pittsburgh-Bradford,2,Bradford,PA,16701,41.95,-78.67
Grossmont College,1,El Cajon,CA,92020,32.82,-117.01
Northland Community and Technical College - East Grand Forks,1,East Grand Forks,MN,56721,47.95,-97.02
Samford University,1,Birmingham,AL,35209,33.47,-86.79
City College-Miami,1,Miami,FL,33156,25.68,-80.32
Yuba College,1,Marysville,CA,95901,39.13,-121.54
Mount Wachusett Community College- Gardner (Main),1,Gardner,MA,1440,42.59,-71.99
Spalding University,1,Louisville,KY,40203,38.24,-85.76
West Hills College-Coalinga,2,Coalinga,CA,93210,36.15,-120.36
Bay Mills Community College,3,Brimley,MI,49715,46.45,-84.61
Western Illinois University - (Main),1,Macomb,IL,61455,40.48,-90.68
Bradley University,1,Peoria,IL,61606,40.7,-89.62
Northern New Mexico College,1,Espanola,NM,87532,36,-106.09
Union University- Hendersonville/Nashville,1,Hendersonville,TN,37075,36.32,-86.6
Florida Agricultural and Mechanical University- Orlando (law),1,Orlando,FL,32801,28.54,-81.38
McLennan Community College,1,Waco,TX,76708,31.59,-97.17
Umpqua Community College,1,Roseburg,OR,97470,43.29,-123.33
Virginia Commonwealth University - (Main),1,Richmond,VA,23284,37.55,-77.45
Michigan Technological University,2,Houghton,MI,49931,47.12,-88.55
Butler University,1,Indianapolis,IN,46208,39.84,-86.17
St Lawrence University,2,Canton,NY,13617,44.58,-75.15
Bethune-Cookman University,2,Daytona Beach,FL,32114,29.21,-81.03
Louisiana College,1,Pineville,LA,71360,31.33,-92.43
Howard Payne University,1,Brownwood,TX,76801,31.72,-98.99
Lanier Technical College- Oakwood (Main),2,Oakwood,GA,30566,34.24,-83.86
New York Institute of Technology- New York (Main),1,New York,NY,10023,40.77,-73.98
Bellevue University,1,Bellevue,NE,68005,41.15,-95.92
Lawson State Community College-Birmingham Campus,2,Birmingham,AL,35221,33.45,-86.89
University of Northern Iowa,1,Cedar Falls,IA,50614,42.51,-92.46
University of Maine,2,Orono,ME,4473,44.9,-68.67
Everglades University- Orlando,1,Maitland,FL,32751,28.64,-81.39
Ottawa University-Kansas City,2,Leawood,KS,66211,38.93,-94.64
United States Coast Guard Academy,1,New London,CT,6320,41.37,-72.1
Harvard University - (Main),10,Cambridge,MA,2138,42.37,-71.12
Danville Community College,1,Danville,VA,24541,36.56,-79.41
University of Alabama at Birmingham,2,Birmingham,AL,35294,33.51,-86.81
Coastal Alabama Community College- Gulf Shores,1,Gulf Shores,AL,36542,30.29,-87.69
Gardner-Webb University,1,Boiling Springs,NC,28152,35.24,-81.67
Tri-County Technical College- Easley,1,Easley,SC,29642,34.81,-82.53
University of Connecticut- Stamford,1,Stamford,CT,6901,41.06,-73.54
University of Arkansas,3,Fayetteville,AR,72701,36.07,-94.18
Saint Louis Community College- Wildwood,1,Wildwood,MO,63040,38.57,-90.65
Messiah College,1,Mechanicsburg,PA,17055,40.16,-76.99
San Diego City College,1,San Diego,CA,92101,32.72,-117.15
University of Wisconsin - Green Bay at Martinette,1,Marinette,WI,54143,45.07,-87.61
Sierra College - Rocklin,2,Rocklin,CA,95677,38.79,-121.21
Cape Fear Community College - Wilmington (Main),1,Wilmington,NC,28401,34.24,-77.95
Keuka College,1,Keuka Park,NY,14478,42.62,-77.09
Arkansas State University-Main Campus,1,Jonesboro,AR,72401,35.84,-90.68
University of Minnesota-Rochester,1,Rochester,MN,55904,44.02,-92.46
San Antonio College,1,San Antonio,TX,78212,29.45,-98.49
California State University-Chico,1,Chico,CA,95928,39.72,-121.83
Houston Community College- Felix Fraga,1,Houston,TX,77003,29.75,-95.33
University of California-San Francisco (Mission Bay),1,San Francisco,CA,94158,37.77,-122.39
Bowling Green State University-Firelands,1,Huron,OH,44839,41.4,-82.59
Pennsylvania State University-Penn State Altoona,1,Altoona,PA,16601,40.54,-78.41
University of Connecticut- Avery Point,1,Groton,CT,6340,41.32,-72.06
Randolph College,2,Lynchburg,VA,24503,37.44,-79.17
North Dakota State College of Science - Wahpeton (Main),1,Wahpeton,ND,58075,46.27,-96.61
College of the Muscogee Nation,1,Okmulgee,OK,74447,35.64,-95.94
Cleveland Institute of Music,1,Cleveland,OH,44106,41.51,-81.61
Bunker Hill Community College- (Main),3,Boston,MA,2129,42.377158,-71.069383
Ithaca College,1,Ithaca,NY,14850,42.42,-76.5
Saint Cloud State University,1,St. Cloud,MN,56301,45.55,-94.15
Meadville Lombard Theological School,1,Chicago,IL,60601,41.8855192,-87.6265479
Chippewa Valley Technical College - River Falls,1,River Falls,WI,54022,44.85,-92.61
University of Portland,1,Portland,OR,97203,45.57,-122.73
Oak Hills Christian College,1,Bemidji,MN,56601,47.43,-94.9
Jefferson State Community College - Birmingham-Jefferson,1,Birmingham,AL,35215,33.65,-86.71
Muskingum University,1,New Concord,OH,43762,40,-81.74
Pellissippi State Community College- Hardin Valley (Main),1,Knoxville,TN,37932,35.95,-84.17
Seminole State College of Florida- Heathrow,1,Lake Mary,FL,32746,28.77,-81.36
Long Island University - Brentwood,1,Brentwood,NY,11717,40.8,-73.27
North Idaho College,1,Coeur d'Alene,ID,83814,47.68,-116.8
SOWELA Technical Community College - Lake Charles,3,Lake Charles,LA,70615,30.22,-93.16
Whitman College,1,Walla Walla,WA,99362,46.07,-118.33
Black River Technical College,1,Pocahontas,AR,72455,36.24,-90.95
Chadron State College,1,Chadron,NE,69337,42.82,-102.99
North Central Missouri College,1,Trenton,MO,64683,40.08,-93.62
Pennsylvania State University-Penn State Great Valley,1,Malvern,PA,19355,40.05,-75.52
Pennsylvania State University-Penn State Erie-Behrend College,1,Erie,PA,16510,42.12,-79.99
Collin County Community College District- Spring Creek,1,Plano,TX,75074,33.05,-96.68
Liberty University,1,Lynchburg,VA,24502,37.35,-79.18
Quinebaug Valley Community College,1,Killingly,CT,6239,41.83,-71.89
Loyola Marymount University,1,Los Angeles,CA,90045,33.97,-118.42
Kennesaw State University - Kennesaw,1,Kennesaw,GA,30144,34.04,-84.58
American Islamic College,1,Chicago,IL,60613,41.95,-87.65
Miami University-Oxford (Main),4,Oxford,OH,45056,39.51,-84.73
Roosevelt University - Chicago (Main),1,Chicago,IL,60605,41.88,-87.63
Western Nebraska Community College,1,Scottsbluff,NE,69361,41.88,-103.64
Ohio State University-Main Campus,3,Columbus,OH,43210,40,-83.01
Bluefield State College,1,Bluefield,WV,24701,37.27,-81.12
Keiser University-Ft Lauderdale,1,Fort Lauderdale,FL,33309,26.19,-80.16
Pacific University- Forest Grove,4,Forest Grove,OR,97116,45.52,-123.11
Albertus Magnus College,1,New Haven,CT,6511,41.33,-72.92
Fox Valley Technical College- Oshkosh Riverside,1,Oshkosh,WI,54902,44.02,-88.55
Bluffton University,1,Bluffton,OH,45817,40.9,-83.9
Temple College,2,Temple,TX,76504,31.07,-97.35
Ball State University,1,Muncie,IN,47306,40.2,-85.41
Polytechnic University of Puerto Rico-Orlando,1,Orlando,FL,32825,28.55,-81.25
Pennsylvania State University-Penn State Greater Allegheny,1,McKeesport,PA,15132,40.34,-79.83
Morton College,1,Cicero,IL,60804,41.82,-87.76
The Chicago School of Professional Psychology at Washington DC,1,Washington,DC,20005,38.9,-77.03
University of Florida- Orlando (Pharmacy),2,Orlando,FL,32827,28.37,-81.29
Northeast Wisconsin Technical College- Green Bay (Main),1,Green Bay,WI,54303,44.53,-88.11
Indiana University-Kokomo,1,Kokomo,IN,46902,40.46,-86.13
University of Bridgeport - Stamford,1,Bridgeport,CT,6604,41.16,-73.19
Monroe Community College - Brighton Campus (Main),1,Rochester,NY,14623,43.1,-77.61
Cerro Coso Community College,1,Ridgecrest,CA,93555,35.57,-117.67
Des Moines Area Community College- West Des Moines,1,West Des Moines,IA,50266,41.54,-93.79
GateWay Community College,1,Phoenix,AZ,85034,33.45,-112
North Greenville University - (Main),1,Tigerville,SC,29688,35.07,-82.37
University of Tulsa,1,Tulsa,OK,74104,36.15,-95.95
Avila University,1,Kansas City,MO,64145,38.91,-94.59
Wheaton College,2,Wheaton,IL,60187,41.87,-88.1
Des Moines Area Community College- Ankeny (Main),1,Ankeny,IA,50023,41.75,-93.6
Pennsylvania College of Art and Design,3,Lancaster,PA,17603,40.04,-76.31
Tidewater Community College- Virginia Beach,1,Virginia Beach,VA,23453,36.79,-76.1
Eastern Connecticut State University,1,Windham,CT,6226,41.72,-72.22
Tennessee State University - (Main),2,Nashville,TN,37209,36.17,-86.83
Taft College,2,Taft,CA,93268,35.15,-119.46
Nichols College,7,Dudley,MA,1571,42.04,-71.93
Belmont University,2,Nashville,TN,37212,36.13,-86.79
University of California-Merced (Castle),1,Atwater,CA,95301,37.37,-120.58
University of North Georgia - Oconee,1,Watkinsville,GA,30677,33.866211,-83.425797
Florida International University - University Park,2,Miami,FL,33174,25.76,-80.38
University of North Carolina at Asheville,1,Asheville,NC,28804,35.62,-82.57
University of Puget Sound,1,Tacoma,WA,98416,47.26,-122.48
Pennsylvania State University-Penn State Shenango,1,Sharon,PA,16146,41.24,-80.51
Whitworth University,1,Spokane,WA,99218,47.75,-117.42
Emory University - (Main),1,Atlanta,GA,30322,33.79,-84.32
St. Mary's University,17,San Antonio,TX,78228,29.45,-98.56
American River College,1,Sacramento,CA,95841,38.65,-121.35
Mountwest Community and Technical College,1,Huntington,WV,25701,38.39,-82.46
Dodge City Community College,1,Dodge City,KS,67801,37.77,-100.03
Seminole State College,2,Seminole,OK,74868,35.25,-96.7
Palm Beach Atlantic University,2,West Palm Beach,FL,33401,26.7,-80.05
Art Center College of Design,1,Pasadena,CA,91103,34.17,-118.19
Thaddeus Stevens College of Technology,1,Lancaster,PA,17602,40.04,-76.29
Michigan State University,1,East Lansing,MI,48824,42.7,-84.48
Park University,1,Parkville,MO,64152,39.19,-94.68
Williamson Christian College,1,Franklin,TN,37067,35.96,-86.83
Ohio Wesleyan University,1,Delaware,OH,43015,40.29,-83.07
College of Central Florida - Ocala,1,Ocala,FL,34474,29.16,-82.18
Pasco-Hernando State College- New Port Richey,1,New Port Richey,FL,34654,28.28,-82.65
Seminole State College of Florida- Altamonte Springs,2,Altamonte Springs,FL,32714,28.65,-81.42
University of Houston-Clear Lake,1,Houston,TX,77058,29.5812422,-95.0986427
George Mason University- (Main),4,Fairfax,VA,22030,38.83,-77.31
Lorain County Community College - Elyria Campus (Main),1,Elyria,OH,44035,41.41,-82.07
Southern California Institute of Architecture,2,Los Angeles,CA,90013,34.04,-118.23
Ohlone College,1,Fremont,CA,94539,37.53,-121.91
Hope College,1,Holland,MI,49423,42.79,-86.1
Hendrix College,1,Conway,AR,72032,35.1,-92.44
Iowa Western Community College- Council Bluffs (Main),6,Council Bluffs,IA,51503,41.27,-95.8
Kilgore College,1,Kilgore,TX,75662,32.38,-94.87
City College-Gainesville,1,Gainesville,FL,32607,29.65,-82.42
Pennsylvania State University-Penn State Hazleton,1,Hazleton,PA,18202,40.98,-76.03
Florida State University - (Main),4,Tallahassee,FL,32304,30.44,-84.29
University of Wisconsin-Green Bay,5,Green Bay,WI,54311,44.53,-87.92
Virginia State University,1,Petersburg,VA,23806,37.24,-77.42
Athens State University,3,Athens,AL,35611,34.8,-86.96
La Sierra University,3,Riverside,CA,92505,33.91,-117.5
Central Piedmont Community College- Central (Main),1,Charlotte,NC,28204,35.22,-80.83
Nassau Community College,1,Garden City,NY,11530,40.73,-73.59
Mars Hill University,1,Mars Hill,NC,28754,35.83,-82.55
University of Mary Hardin-Baylor,1,Belton,TX,76513,31.07,-97.47
Georgia Southwestern State University,1,Americus,GA,31709,32.06,-84.22
University of Detroit Mercy - Riverfront,1,Detroit,MI,48226,42.33,-83.04
Valencia College- Poinciana,1,Kissimmee,FL,34746,28.2,-81.44
Aultman College of Nursing and Health Sciences,1,Canton,OH,44710,40.8,-81.4
The University of Texas at Dallas,1,Richardson,TX,75080,32.98,-96.75
Towson University,1,Towson,MD,21252,39.39365,-76.604424
John Tyler Community College- Chester (Main),1,Chester,VA,23831,37.35,-77.41
Texas State University,2,San Marcos,TX,78666,29.89,-97.94
St Cloud Technical and Community College,2,St. Cloud,MN,56303,45.58,-94.18
Pennsylvania State University-Penn State Schuylkill,2,Schuylkill Haven,PA,17972,40.64,-76.17
University of Rochester- River Campus (Main),1,Rochester,NY,14611,43.13,-77.63
Life University,1,Marietta,GA,30062,33.93,-84.51
Navarro College- Waxahachie,2,Waxahachie,TX,75165,32.42,-96.86
Union Institute & University,1,Cincinnati,OH,45206,39.13,-84.5
Moreno Valley College,1,Moreno Valley,CA,92551,33.89,-117.2
Lawrence Technological University,1,Southfield,MI,48075,42.48,-83.25
Technical College of the Lowcountry- Beaufort (Main),1,Beaufort,SC,29902,32.42,-80.69
Tunxis Community College,1,Farmington,CT,6032,41.71,-72.88
University of Saint Mary,1,Leavenworth,KS,66048,39.28,-94.91
Pima Community College- Northwest,1,Tucson,AZ,85741,32.34,-111.03
Gwynedd Mercy University,1,Gwynedd Valley,PA,19002,40.19,-75.24
University of Maryland-College Park,4,College Park,MD,20742,38.99,-76.94
New York University,1,New York,NY,10012,40.73,-74
Arizona State University-Polytechnic,1,Mesa,AZ,85212,33.31,-111.68
Springfield Technical Community College,1,Springfield,MA,1105,42.11,-72.58
University of California-Irvine,1,Irvine,CA,92697,33.65,-117.84
University of Wisconsin - Fox Valley,1,Menasha,WI,54952,44.23,-88.42
Clark Atlanta University,1,Atlanta,GA,30314,33.75,-84.41
University of New Hampshire-Durham (Main),2,Durham,NH,3824,43.14,-70.93
Lanier Technical College- Commerce,1,Commerce,GA,30529,34.19,-83.45
Pennsylvania State University-Main Campus,2,University Park,PA,16802,40.8,-77.86
Wilmington University,1,Wilmington Manor,DE,19720,39.68,-75.59
J F Ingram State Technical College,1,Deatsville,AL,36022,32.58,-86.39
Fairfield University,2,Fairfield,CT,6824,41.16,-73.26
McNeese State University,2,Lake Charles,LA,70605,30.18,-93.22
Oklahoma City Community College,1,Oklahoma City,OK,73159,35.39,-97.57
Northwestern University - Evanston,1,Evanston,IL,60208,42.05,-87.68
Hillsborough Community College- South Shore,1,Ruskin,FL,33570,27.72,-82.4
Bluegrass Community and Technical College- Newton,1,Lexington,KY,40508,38.06,-84.5
SUNY at Fredonia,1,Fredonia,NY,14063,42.45,-79.34
University of Bridgeport - Waterbury,1,Waterbury,CT,6705,41.53,-72.97
University of South Carolina-Upstate-Spartanburg,1,Spartanburg,SC,29303-4932,34.99589,-81.97182
Hofstra University,1,Hempstead,NY,11549,40.72,-73.6
Palomar College,1,San Marcos,CA,92069,33.15,-117.18
Polk State College- Lakeland,2,Lakeland,FL,33803,27.99,-81.89
American Indian College Inc,1,Phoenix,AZ,85021,33.58,-112.09
Radford University,2,Radford,VA,24142,37.14,-80.55
Murray State University (Main),1,Murray,KY,42071,36.61,-88.32
State College of Florida-Manatee-Sarasota- Venice,1,Venice,FL,34293,27.04,-82.32
Wright State University-Dayton Campus (Main),3,Fairborn,OH,45324,39.78,-84.06
University of South Carolina-Sumter,1,Sumter,SC,29150,33.93,-80.37
Valencia College- Lake Nona,4,Orlando,FL,32832,28.38,-81.25
University of Wisconsin-Madison,1,Madison,WI,53706,43.07,-89.4
Western Michigan University- Kalamazoo (Main),1,Kalamazoo,MI,49008,42.29,-85.61
Brandeis University,3,Waltham,MA,2453,42.37,-71.26
Luna Community College - (Main),1,Las Vegas,NM,87701,35.62,-105.25
Columbia University in the City of New York- Morningside (Main),3,New York,NY,10027,40.81,-73.96
Northwest Iowa Community College,1,Sheldon,IA,51201,43.18,-95.88
Houston Baptist University,1,Houston,TX,77074,29.69,-95.51
Washington State University- Pullman,1,Pullman,WA,99163,46.73,-117.16
Central Piedmont Community College- Harper,1,Charlotte,NC,28273,35.13,-80.9
Western Kentucky University (Main),1,Bowling Green,KY,42101,36.99,-86.46
Colorado State University-Fort Collins,2,Fort Collins,CO,80523,40.57,-105.08
Hartford Seminary,1,Hartford,CT,6105,41.77,-72.71
Augustana University,3,Sioux Falls,SD,57197,43.53,-96.74
Huntsville Bible College,1,Huntsville,AL,35811,34.75,-86.6
Southeast Community College Area- Beatrice,1,Beatrice,NE,68310,40.26,-96.79
University of Central Florida - South Lake,3,Clermont,FL,34711,28.55,-81.71
Honolulu Community College,1,Honolulu,HI,96817,21.32,-157.87
Illinois State University,1,Normal,IL,61761,40.52,-88.99
Chestnut Hill College,1,Philadelphia,PA,19118,40.09,-75.23
University of Saint Joseph,1,West Hartford,CT,6117,41.78,-72.73
Daytona State College - Daytona Beach,1,Daytona Beach,FL,32114,29.202351,-81.048943
Craven Community College - New Bern (Main),1,New Bern,NC,28562,35.11,-77.1
Georgia State University- Atlanta (Main),2,Atlanta,GA,30303,33.75,-84.39
Rhodes State College,1,Lima,OH,45804,40.74,-84.03
Sarah Lawrence College,3,Bronxville,NY,10708,40.94,-73.84
West Virginia Northern Community College,1,Wheeling,WV,26003,40.06,-80.72
Central Piedmont Community College- Levine,1,Matthews,NC,28105,35.11,-80.69
Jacksonville University,1,Jacksonville,FL,32211,30.35,-81.61
University of Pittsburgh-Johnstown,1,Johnstown,PA,15904,40.27,-78.84
Housatonic Community College,1,Bridgeport,CT,6604,41.17,-73.19
Middlesex County College,1,Edison,NJ,8837,40.5,-74.37
Lawson State Community College-Bessemer,1,Bessemer,AL,35022,33.37,-86.99
Florida Keys Community College,2,Key West,FL,33040,24.59,-81.75
Community College of Allegheny County- Boyce,1,Monroeville,PA,15146,40.45,-79.75
Asnuntuck Community College,1,Enfield,CT,6082,42,-72.57
Baker College- Owosso,1,Owosso,MI,48867,42.98,-84.18
Eastern Florida State College- Palm Bay,2,Palm Bay,FL,32909,27.99,-80.63
DePaul University - the Loop,2,Chicago,IL,60604,41.88,-87.63
West Virginia University- Morgantown (Main),1,Morgantown,WV,26506,39.65,-79.96
Southwestern University,1,Georgetown,TX,78626,30.63,-97.67
Warren County Community College - Washington (Main),1,Washington,NJ,7882,40.75,-75.02
University of Cincinnati-Main,1,Cincinnati,OH,45220,39.13,-84.52
Rochester Institute of Technology,1,Rochester,NY,14623,43.08,-77.67
University of Houston- Victoria,2,Victoria,TX,77901,28.82,-96.98
SUNY College at Geneseo,1,Geneseo,NY,14454,42.8,-77.82
Mississippi College,1,Clinton,MS,39056,32.34,-90.33
University of Central Florida- Valencia East,2,Orlando,FL,32825,28.55,-81.25
Full Sail University,4,Winter Park,FL,32792,28.6,-81.3
Kirkwood Community College- Vinton,1,Vinton,IA,52349,42.17,-92.03
University at Buffalo - North (Main),1,Buffalo,NY,14260,43,-78.79
University of Pittsburgh-Pittsburgh Campus,2,Pittsburgh,PA,15213,40.44,-79.95
Chabot College,1,Hayward,CA,94545,37.64,-122.11
Seminole State College of Florida- Sanford/Lake Mary (Main),1,Sanford,FL,32773,28.74,-81.3
New River Community College,1,Dublin,VA,24084,37.1,-80.7
West Valley College,1,Saratoga,CA,95070,37.26,-122.01
Arkansas Tech University - Russellville (Main),3,Russellville,AR,72801,35.29,-93.13
University of Nebraska-Lincoln,9,Lincoln,NE,68508,40.82,-96.7
Oxnard College,1,Oxnard,CA,93033,34.17,-119.16
University of Oregon - Portland,3,Portland,OR,97211,45.57,-122.64
Florida Polytechnic University,2,Lakeland,FL,33868,28.15,-81.85
Pikes Peak Community College-Rampart Range,1,Colorado Springs,CO,80921,38.99,-104.79
Western Iowa Tech Community College- Sioux City (Main),1,Sioux City,IA,51106,42.48,-96.35
University of Wisconsin-Eau Claire,3,Eau Claire,WI,54701,44.8,-91.5
Florida International University - Biscayne Bay,1,North Miami Beach,FL,33181,25.91,-80.14
Clarkson College,1,Omaha,NE,68131,41.26,-95.98
California College of the Arts,1,San Francisco,CA,94107,37.77,-122.4
University of Missouri-Columbia,2,Columbia,MO,65211,38.95,-92.33
University of Michigan-Ann Arbor,1,Ann Arbor,MI,48109,42.28,-83.74
Pellissippi State Community College- Strawberry Plains,1,Knoxville,TN,37914,36,-83.78
Marshall University - Huntington (Main),1,Huntington,WV,25755,38.42,-82.43
Harrisburg Area Community College-Lancaster,1,Lancaster,PA,17602,40.04,-76.27
Eastern Michigan University,2,Ypsilanti,MI,48197,42.25,-83.62
Southside Virginia Community College,1,Alberta,VA,23821,36.84,-77.92
Daytona State College- Flagler,1,Palm Coast,FL,32137,29.56,-81.19
Everglades University- Boca Raton (Main),1,Boca Raton,FL,33431,26.39,-80.11
Middlesex Community College,2,Middletown,CT,6457,41.54,-72.61
University of Central Florida- Lake Nona (Health Sciences),1,Orlando,FL,32827,28.37,-81.28
Copper Mountain Community College,1,Joshua Tree,CA,92252,34.14,-116.21
Norwalk Community College,1,Norwalk,CT,6854,41.1,-73.45
College of the Atlantic,1,Bar Harbor,ME,4609,44.4,-68.22
Soka University of America,1,Aliso Viejo,CA,92656,33.55,-117.74
Hawaii Community College - Hilo,1,Hilo,HI,96720,19.7,-155.07
Gateway Community College,1,New Haven,CT,6510,41.3,-72.93
Hampshire College,1,Amherst,MA,1002,42.33,-72.53
North Central Texas College- Flower Mound,1,Flower Mound,TX,75028,33.04,-97.05
Oberlin College,2,Oberlin,OH,44074,41.29,-82.22
University of North Carolina at Chapel Hill,3,Chapel Hill,NC,27599,35.91,-79.05
Sinclair Community College,1,Dayton,OH,45402,39.76,-84.2
York College Pennsylvania,1,York,PA,17403,39.95,-76.73
Kansas State University- Manhattan,1,Manhattan,KS,66506,39.19,-96.58
Seattle Pacific University,1,Seattle,WA,98119,47.65,-122.36
Dominican College of Blauvelt,1,Blauvelt,NY,10913,41.05,-73.95
Northern Baptist Theological Seminary,1,Lisle,IL,60532,41.85,-87.96
North Carolina State University at Raleigh,1,Raleigh,NC,27607,35.79,-78.66
University of Wisconsin - Green Bay at Manitowoc,1,Manitowoc,WI,54220,44.07,-87.66
Kansas City Art Institute,1,Kansas City,MO,64111,39.05,-94.58
SUNY College at Oswego,1,Oswego,NY,13126,43.45,-76.54
Lake Tahoe Community College,1,South Lake Tahoe,CA,96150,38.93,-119.97
University of South Florida-Main Campus,6,Tampa,FL,33620,28.07,-82.41
The University of Texas at Tyler,1,Tyler,TX,75799,32.32,-95.25
Connecticut College,1,New London,CT,6320,41.38,-72.1
Hagerstown Community College,1,Hagerstown,MD,21742,39.63,-77.67
University of New Haven- Orange,1,Orange,CT,6477,41.27,-73.06
Cornish College of the Arts,1,Seattle,WA,98121,47.62,-122.34
University of North Dakota,2,Grand Forks,ND,58202,47.92,-97.07
Bethany College,1,Bethany,WV,26032,40.21,-80.56
Colorado Mountain College- Summit Breckenridge,1,Breckenridge,CO,80424,39.51,-106.05
University of Nebraska at Kearney,2,Kearney,NE,68849,40.7,-99.09
Dordt College,1,Sioux Center,IA,51250,43.08,-96.16
Western Carolina University - Cullowhee (Main),1,Cullowhee,NC,28723,35.31,-83.19
Capital Community College,2,Hartford,CT,6103,41.77,-72.67
Purdue University - Northwest Campus,2,Westville,IN,46391,41.59,-86.9
Lewis-Clark State College,1,Lewiston,ID,83501,46.41,-117.03
Pacific University- Hillsboro,1,Hillsboro,OR,97123,45.52,-122.98
Connors State College- Three Rivers Port,1,Muskogee,OK,74403,35.77,-95.31
Murray State College - Tishomingo (Main),1,Tishomingo,OK,73460,34.22,-96.68
Haverford College,1,Haverford,PA,19041,40.01,-75.3
University of Mary,1,Bismarck,ND,58504,46.72,-100.75
Massachusetts Institute of Technology,8,Cambridge,MA,2139,42.36,-71.09
"Palmer College of Chiropractic- Davenport, IA (Main)",1,Davenport,IA,52803,41.53,-90.57
Franklin College,1,Franklin,IN,46131,39.48,-86.05
Murray State University- Hopkinsville,1,Hopkinsville,KY,42240,36.81,-87.47
Golden Gate University-San Francisco,2,San Francisco,CA,94105,37.79,-122.4
Willamette University,2,Salem,OR,97301,44.94,-123.03
Bemidji State University,1,Bemidji,MN,56601,47.49,-94.88
Kent State University at Kent,5,Kent,OH,44242,41.15,-81.35
Palo Verde College,1,Blythe,CA,92225,33.66,-114.65
Central Michigan University,3,Mount Pleasant,MI,48859,43.59,-84.78
Greenville Technical College- Barton (Main),1,Greenville,SC,29607,34.83,-82.37
Valencia College- West (Main),3,Orlando,FL,32835,28.52,-81.47
Maine College of Art,1,Portland,ME,4101,43.66,-70.26
Morningside College,2,Sioux City,IA,51106,42.47,-96.36
Trinity College,1,Hartford,CT,6106,41.75,-72.69
University of California-Los Angeles,1,Los Angeles,CA,90024,34.07,-118.44
Lock Haven University - (Main),2,Lock Haven,PA,17745,41.14,-77.46
North Georgia Technical College- Clarkesville (Main),1,Clarkesville,GA,30523,34.64,-83.53
Front Range Community College- Westminster,2,Westminster,CO,80031,39.9,-105.04
Harcum College,2,Bryn Mawr,PA,19010,40.02,-75.31
Saginaw Valley State University,1,Saginaw,MI,48604,43.52,-83.97
Daytona State College- Advanced Technology Center,1,Daytona Beach,FL,32117,29.23,-81.1
Ivy Tech Community College- Indianapolis,3,Indianapolis,IN,46208,39.8,-86.16
Charleston Southern University,1,North Charleston,SC,29406,32.98,-80.07
Sam Houston State University,1,Huntsville,TX,77340,30.72,-95.55
Berkeley City College,1,Berkeley,CA,94704,37.87,-122.27
San Francisco State University,1,San Francisco,CA,94132,37.72,-122.48
University of Wisconsin-Oshkosh,1,Oshkosh,WI,54901,44.03,-88.55
Purdue University-Main Campus,1,West Lafayette,IN,47907,40.43,-86.91
Christopher Newport University,1,Newport News,VA,23606,37.06,-76.49
Union University- (Main),1,Jackson,TN,38305,35.68,-88.86
Lehigh Carbon Community College - Morgan,1,Tamaqua,PA,18252,40.8,-75.97
University at Buffalo - Downtown,1,Buffalo,NY,,42.9,-78.87
Eastern Kentucky University- Richmond (Main),2,Richmond,KY,40475,37.73,-84.3
University of Oregon,4,Eugene,OR,97401,44.05,-123.07
SUNY Sullivan,3,Loch Sheldrake,NY,12759,41.76,-74.67
Pennsylvania State University-Penn State Fayette- Eberly,5,Lemont Furnace,PA,15456,39.95,-79.66
Oklahoma Technical College,1,Tulsa,OK,74145,36.1,-95.91
University of Denver,1,Denver,CO,80210,39.68,-104.96
South Georgia Technical College,1, Americus,GA,31719,32.1178771,-84.1907541
Palm Beach State College- Lake Worth (Main),1,Lake Worth,FL,33461,26.61,-80.09
Long Island University - Post ,1,Old Westbury,NY,11568,40.82,-73.6
Delaware County Community College- Marple (Main),1,Media,PA,19063,39.97,-75.39
Gwinnett Technical College - Alpharetta,1,Alpharetta,GA,30009,34.07,-84.28
Salem Community College,1,Penns Grove,NJ,8069,39.7,-75.47
Texas Woman's University,1,Denton,TX,76201,33.23,-97.13
Hamline University,1,Saint Paul,MN,55104,44.97,-93.17
Langston University - OKC,2,Oklahoma City,OK,73111,35.54,-97.48
Concordia College at Moorhead,1,Moorhead,MN,56562,46.86,-96.77
Anoka-Ramsey Community College - Coon Rapids,1,Coon Rapids,MN,55433,45.17,-93.35
University of Nevada-Las Vegas- (Main),1,Las Vegas,NV,89119,36.11,-115.14
Texas Southern University,1,Houston,TX,77004,29.72,-95.36
Reading Area Community College,3,Reading,PA,19602,40.33,-75.94
University of South Florida-St Petersburg,1,Saint Petersburg,FL,33701,27.76,-82.64
Des Moines Area Community College- Boone,1,Boone,IA,50036,42.05,-93.88
Hiram College,1,Hiram,OH,44234,41.31,-81.14
Central Carolina Technical College- (Main),1,Sumter,SC,29150,33.93,-80.37
The University of Montana,1,Missoula,MT,59812,46.86,-113.98
College of Charleston,3,Charleston,SC,29424,32.78,-79.94
Appalachian State University,1,Boone,NC,28607,36.21,-81.68
Goodwin College,1,East Hartford,CT,6118,41.74,-72.64
Snead State Community College,2,Boaz,AL,35957,34.2,-86.17
Northern Arizona University - (Main),3,Flagstaff,AZ,86001,35.18,-111.66
University of Miami- Coral Gables (Main),2,Coral Gables,FL,33146,25.71,-80.28
Niagara University,1,Niagara University,NY,14109,43.14,-79.04
Naugatuck Valley Community College,2,Waterbury,CT,6708,41.55,-73.07
Daytona State College- Deltona ,1,Deltona,FL,32725,28.93,-81.22
Lewis University,1,Romeoville,IL,60446,41.6,-88.08
North Shore Community College- Danvers (Main),1,Danvers,MA,1923,42.59,-70.97
Southwest Texas Junior College- Uvalde (Main),1,Uvalde,TX,78801,29.22,-99.74
Western Michigan University- Engineering,1,Kalamazoo,MI,49008,42.25,-85.64
California University of Pennsylvania,2,California,PA,15419,40.06,-79.88
Palo Alto College,1,San Antonio,TX,78224,29.32,-98.54
Agnes Scott College,2,Decatur,GA,30030,33.77,-84.29
Ohio University-Athens (Main),1,Athens,OH,45701,39.33,-82.1
Barstow Community College,1,Barstow,CA,93211,34.87,-117.02
University of Alaska Anchorage - Susitna College,2,Palmer,AK,99645,61.58,-149.24
Moore College of Art and Design,2,Philadelphia,PA,19103,39.95,-75.17
Roane State Community College- Oak Ridge,1,Oak Ridge,TN,37830,36.02,-84.23
Widener University- (Main),4,Chester,PA,19013,39.86,-75.36
Western Oklahoma State College,1,Altus,OK,73521,34.67,-99.34
Pennsylvania State University-Penn State York,1,York,PA,17403,39.95,-76.7
University of Connecticut- Waterbury,2,Waterbury,CT,6702,41.56,-73.04
Northeastern University Professional Advancement Network- Boston,1,Boston,MA,2115,42.34,-71.09
City Colleges of Chicago-Harold Washington College,1,Chicago,IL,60601,41.89,-87.63
Morehead State University,1,Morehead,KY,40351,38.19,-83.43
Concordia University-Saint Paul,1,Saint Paul,MN,55104,44.95,-93.16
Pensacola State College- Warrington,1,Pensacola,FL,32507,30.4,-87.29
Grand Canyon University,2,Phoenix,AZ,85017,33.51,-112.13
Rogue Community College- Redwood (Main),2,Grants Pass,OR,97527,42.41,-123.39
Murray State University- Paducah,1,Paducah,KY,42001,37.06,-88.66
Antioch University-Seattle,1,Seattle,WA,98121,47.62,-122.34
Dartmouth College,1,Hanover,NH,3755,43.7,-72.29
Georgia Institute of Technology-Main Campus - Atlanta (Main),3,Atlanta,GA,30332,33.77,-84.39
Southern Connecticut State University,1,New Haven,CT,6515,41.33,-72.95
Oglethorpe University,1,Atlanta,GA,30319,33.88,-84.33
Westmoreland County Community College- Youngwood (Main),1,Youngwood,PA,15697,40.23,-79.56
Riverside City College,4,Riverside,CA,92506,33.97,-117.38
South Piedmont Community College - Old Charlotte Highway,1,Monroe,NC,28110,35.03,-80.62
Eastern Maine Community College,1,Bangor,ME,4401,44.83,-68.74
Mt San Jacinto Community College District - Menifee Valley,2,Menifee,CA,92584,33.67,-117.17
Robert Morris University- Moon Township (Main),1,Coraopolis,PA,15108,40.52,-80.21
Zane State College - Zanesville Campus (Main),1,Zanesville,OH,43701,39.96,-82.03
Daytona State College- Deland,1,DeLand,FL,32724,29.01,-81.24
Virginia Highlands Community College,1,Abingdon,VA,24210,36.7,-82
Briar Cliff University,1,Sioux City,IA,51104,42.53,-96.43
Huntington University,1,Huntington,IN,46750,40.9,-85.5
Azusa Pacific University,1,Azusa,CA,91702,34.13,-117.89
University of New Haven- New London (Main),1,West Haven,CT,6516,41.29,-72.96
North Seattle College,1,Seattle,WA,98103,47.7,-122.33
Marquette University,1,Milwaukee,WI,53233,43.04,-87.93
Arapahoe Community College,1,Littleton,CO,80120,39.61,-105.02
Tulsa Community College- West,1,Tulsa,OK,74107,36.11,-96.08
California State Polytechnic University-Pomona,1,Pomona,CA,91768,34.06,-117.82
Northwestern Connecticut Community College,1,Winchester,CT,6098,41.92,-73.06
New Mexico Highlands University,2,Las Vegas,NM,87701,35.59,-105.22
Holy Apostles College and Seminary,1,Cromwell,CT,6416,41.61,-72.65
Augustana College,1,Rock Island,IL,61201,41.51,-90.55
Spokane Falls Community College,2,Spokane,WA,99224,47.68,-117.47
Lyon College,1,Batesville,AR,72501,35.78,-91.63
Lynchburg College,1,Lynchburg,VA,24501,37.4,-79.18
California State University-San Bernardino - (Main),1,San Bernardino,CA,92407,34.18,-117.32
Alaska Pacific University,1,Anchorage,AK,99508,61.19,-149.81
Philander Smith College,1,Little Rock,AR,72202,34.74,-92.28
Villanova University,1,Villanova,PA,19085,40.04,-75.34
Southern Virginia University,1,Buena Vista,VA,24416,37.74,-79.35
University of Akron Main Campus,2,Akron,OH,44304,41.08,-81.51
California State University-Channel Islands,2,Camarillo,CA,93012,34.16,-119.04
Mt San Jacinto Community College District - San Jacinto (Main),1,San Jacinto,CA,92583,33.81,-116.97
Cincinnati State Technical and Community College- Clifton,1,Cincinnati,OH,45223,39.15,-84.54
University of Cincinnati-Blue Ash College,1,Cincinnati,OH,45236,39.23,-84.4
Ohio State University-Newark Campus,1,Newark,OH,43055,40.07,-82.44
Delaware Technical Community College-Terry (Dover Main),1,Dover,DE,19904,39.2,-75.56
Boise State University- (Main),2,Boise,ID,83725,43.6,-116.21
San Bernardino Valley College,3,San Bernardino,CA,92410,34.09,-117.31
Pennsylvania State University-Penn State New Kensington,1,New Kensington,PA,15068,40.55,-79.7
Lake-Sumter State College- South Lake Campus,2,Clermont,FL,34711,28.55,-81.71
Butler County Community College- Lindenpointe,1,Hermitage,PA,16148,41.22,-80.45
Midwestern University-Downers Grove,1,Downers Grove,IL,60515,41.83,-88
Central Connecticut State University,1,New Britain,CT,6051,41.69,-72.77
Davenport University- Holland,1,Holland,MI,49423,42.77,-86.08
Norwich University,3,Northfield,VT,5663,44.14,-72.66
Emory & Henry College,1,Emory,VA,24327,36.77,-81.83
William Jessup University - Rocklin,1,Rocklin,CA,95765,38.82,-121.29
Pensacola State College- (Main),1,Pensacola,FL,32504,30.48,-87.2
Birmingham Southern College,1,Birmingham,AL,35254,33.51,-86.86
Drexel University- Center City,1,Philadelphia,PA,19102,39.96,-75.16
Eastern Florida State College- Melbourne,1,Melbourne,FL,32935,28.17,-80.67
Cleveland University-Kansas City,1,Overland Park,KS,66210,38.93,-94.68
The University of Texas at San Antonio- (Main),2,San Antonio,TX,78249,29.58,-98.62
Texas Lutheran University,1,Seguin,TX,78155,29.57,-97.99
Johnson & Wales University-Charlotte,1,Charlotte,NC,28202,35.23,-80.85
Asheville-Buncombe Technical Community College,1,Asheville,NC,28801,35.57,-82.55
California State University-Fullerton - (Main),4,Fullerton,CA,92831,33.88,-117.89
Ivy Tech Community College- Franklin,1,Franklin,IN,46131,39.49,-86.01
Tacoma Community College,1,Tacoma,WA,98466,47.25,-122.52
Texas A&M University-Texarkana,3,Texarkana,TX,75503,33.49,-94.1
Northwest Technical College,2,Bemidji,MN,56601,47.45,-94.85
Ivy Tech Community College- Columbus,1,Columbus,IN,47203,39.25,-85.9
Columbia College Chicago,2,Chicago,IL,60605,41.87,-87.62
Community College of Rhode Island- Knight (Main),1,Warwick,RI,2886,41.71,-71.48
Jefferson State Community College - Shelby-Hoover,1,Birmingham,AL,35242,33.39,-86.73
City College of San Francisco- Ocean,1,San Francisco,CA,94112,37.72,-122.45
Texas College,1,Tyler,TX,75702,32.37,-95.31
Bethel University,2,Saint Paul,MN,55112,45.06,-93.16
Doane University - Graduate and Professional Studies - Lincoln,2,Lincoln,NE,68504,40.82,-96.65
Yale University - (Main),3,New Haven,CT,6511,41.31,-72.93
Portland Community College- Cascade,1,Portland,OR,97217,45.56,-122.67
Stephen F Austin State University,1,Nacogdoches,TX,75965,31.62,-94.65
Northeast Iowa Community College- Peosta,1,Peosta,IA,52068,42.45,-90.85
Bismarck State College,1,Bismarck,ND,58506,46.82,-100.82
Reed College,1,Portland,OR,97202,45.48,-122.63
Saddleback College,2,Mission Viejo,CA,92692,33.55,-117.66
College of the Desert,1,Palm Desert,CA,92260,33.73,-116.39
Adelphi University,1,Garden City,NY,11530,40.72,-73.65
The University of Texas at Austin - (Main),2,Austin,TX,78705,30.29,-97.74
Lakeshore Technical College,1,Cleveland,WI,53015,43.92,-87.75
Indiana University-Bloomington,3,Bloomington,IN,47405,39.17,-86.53
Moorpark College,1,Moorpark,CA,93021,34.3,-118.84
Eastern New Mexico University-Main Campus,1,Portales,NM,88130,34.18,-103.35
University of Southern Maine- Portland (Main),2,Portland,ME,4103,43.66,-70.28
Piedmont Technical College- Laurens County,1,Clinton,SC,29325,34.49,-81.94
Duquesne University,2,Pittsburgh,PA,15219,40.44,-79.99
Madison Area Technical College- Commercial Ave,1,Madison,WI,53704,43.11,-89.36
San Francisco Conservatory of Music,1,San Francisco,CA,94102,37.78,-122.42
Northampton County Area Community College - Bethlehem (Main),1,Bethlehem,PA,18020,40.67,-75.32
Broward College-Central (Main),2,Davie,FL,33314,26.08,-80.23
Portland Community College- Sylvania (Main),1,Portland,OR,97219,45.44,-122.73
University of California-Berkeley - (Main),5,Berkeley,CA,94720,37.87,-122.26
Mt San Antonio College,1,Walnut,CA,91789,34.05,-117.85
Washtenaw Community College,1,Ann Arbor,MI,48105,42.26,-83.66
Goldey-Beacom College,1,Wilmington,DE,19808,39.74,-75.69
Coastline Community College,1,Fountain Valley,CA,92708,33.72,-117.93
Vanderbilt University,2,Nashville,TN,37212,36.15,-86.8
Bowling Green State University-Main Campus,1,Bowling Green,OH,43403,41.38,-83.64
University of Wisconsin-Platteville,1,Platteville,WI,53818,42.73,-90.48
Wheeling University,3,Wheeling,WV,26003,40.07,-80.69
Sacred Heart University-St. Vincent's College,1,Bridgeport,CT,06606-4201,41.2016228,-73.20111773
Seminole State College of Florida- Oviedo,3,Oviedo,FL,32765,28.63,-81.17
Wayne County Community College District- Eastern,1,Detroit,MI,48213,42.39,-82.99
Wartburg College - Waverly,1,Waverly,IA,50677,42.73,-92.48
Colorado School of Mines,1,Golden,CO,80401,39.75,-105.22
Texas A&M University-Corpus Christi,1,Corpus Christi,TX,78412,27.71,-97.32
Community College of Allegheny County- (Main),1,Pittsburgh,PA,15233,40.45,-80.02
Klamath Community College,3,Klamath Falls,OR,97603,42.19,-121.7
Los Medanos College,1,Pittsburg,CA,94565,38.01,-121.86
Citrus College,1,Glendora,CA,91741,34.14,-117.89
Anderson University,1,Anderson,IN,46012,40.11,-85.67
Baker College- Allen Park,1,Allen Park,MI,48101,42.27,-83.2
Johns Hopkins University- Baltimore (Main),1,Baltimore,MD,21218,39.33,-76.62
North Central State College,1,Mansfield,OH,44906,40.8,-82.58
Wingate University- (Main),2,Wingate,NC,28174,34.99,-80.45
Keweenaw Bay Ojibwa Community College,1,Baraga,MI,49908,46.78,-88.51
Tompkins Cortland Community College,2,Dryden,NY,13053,42.5,-76.29
Lone Star College System- University Park,2,Houston,TX,77070,29.99,-95.58
Three Rivers Community College,1,Norwich,CT,6360,41.51,-72.1
University of California-Davis,7, Davis,CA,95616,38.54,-121.75
Sacred Heart University,1,Fairfield,CT,6825,41.2222395,-73.2409931
Lehigh University- Asa Packer (Main),1,Bethlehem,PA,18015,40.61,-75.38
Gallaudet University,1,Washington,DC,20002,38.91,-76.99
University of Memphis - Memphis (Main),1,Memphis,TN,38152,35.12,-89.93
Old Dominion University,2,Norfolk,VA,23508,36.88,-76.3
Quinnipiac University - York Hill,1,Hamden,CT,6514,41.41,-72.91
Ohio University- Zanesville,1,Zanesville,OH,43701,39.96,-82.03
Joliet Junior College- Romeoville,1,Romeoville,IL,60446,41.64,-88.12
El Camino Community College District,1,Torrance,CA,90506,33.88,-118.33
Flagler College-St Augustine,1,St. Augustine,FL,32084,29.89,-81.31
Chief Dull Knife College,2,Lame Deer,MT,59043,45.63,-106.66
Delgado Community College- Navarre (Main),1,New Orleans,LA,70119,29.98,-90.1
Southern Illinois University-Carbondale,1,Carbondale,IL,62901,37.71,-89.22
Northern Illinois University- Dekalb (Main),1,DeKalb,IL,60115,41.93,-88.78
College of the Mainland,1,Texas City,TX,77591,29.4,-95
Xavier University,1,Cincinnati,OH,45207,39.15,-84.48
Elizabeth City State University,2,Elizabeth City,NC,27909,36.28,-76.21
Wake Forest University,1,Winston-Salem,NC,27106,36.13,-80.27
University of California-Santa Barbara,1,Santa Barbara,CA,93106,34.42,-119.85
Dunwoody College of Technology,1,Minneapolis,MN,55403,44.97,-93.29
Clackamas Community College- Oregon City (Main),1,Oregon City,OR,97045,45.32,-122.57
Valencia College- Winter Park,1,Winter Park,FL,32789,28.6,-81.36
University of Virginia-Main Campus,1,Charlottesville,VA,22903,38.04,-78.5
Ivy Tech Community College- Michigan City,1,Michigan City,IN,46360,41.69,-86.89
Manchester Community College,1,Manchester,CT,6040,41.76,-72.57
Victor Valley College,1,Victorville,CA,92395,34.47,-117.26
Middle Tennessee State University,1,Murfreesboro,TN,37132,35.84,-86.37
University of Connecticut- Storrs (Main),2,Mansfield,CT,6269,41.81,-72.25
University of St Thomas,1,Houston,TX,77006,29.74,-95.39
Rowan University,1,Glassboro,NJ,8028,39.71,-75.12
Drury University,2,Springfield,MO,65802,37.22,-93.29
Montgomery County Community College - Central (Main),1,Blue Bell,PA,19422,40.18,-75.28
Trinity Valley Community College- Terrel,2,Terrell,TX,75161,32.69,-96.25
Johnston Community College,1,Smithfield,NC,27577,35.5,-78.33
Vassar College,1,Poughkeepsie,NY,12604,41.69,-73.9
Harrisburg Area Community College-Harrisburg (Main),2,Harrisburg,PA,17110,40.3,-76.89
University of Maine at Augusta - Bangor,1,Bangor,ME,4401,44.81,-68.8
School of the Art Institute of Chicago,1,Chicago,IL,60603,41.88,-87.63
Portland Community College- Southeast,1,Portland,OR,97216,45.51,-122.58
Shelton State Community College,1,Tuscaloosa,AL,35405,33.12,-87.56
John Brown University,2,Siloam Springs,AR,72761,36.19,-94.56
College of Coastal Georgia,1,Brunswick,GA,31520,31.18,-81.49
AdventHealth University,1,Orlando,FL,32803,28.58,-81.37
Florida Institute of Technology,1,Melbourne,FL,32901,28.06,-80.62
Northwestern College,1,Orange City,IA,51041,43,-96.06
Southwestern Oregon Community College- Coos (Main),2,Coos Bay,OR,97420,43.39,-124.26
Virginia Peninsula Community College - Williamsburg (Historic Triangle Campus),2,Williamsburg,VA,23188,37.34,-76.76
Virginia Western Community College,1,Roanoke,VA,24015,37.25,-79.97
Embry-Riddle Aeronautical University-Daytona Beach,2,Daytona Beach,FL,32114,29.19,-81.05
Louisiana State University and Agricultural & Mechanical College - Baton Rouge (Main),1,Baton Rouge,LA,70802,30.42,-91.18
Abilene Christian University,1,Abilene,TX,79699,32.47,-99.71
Northwood University,1,Midland,MI,48640,43.63,-84.28
University of Kentucky,2,Lexington,KY,40506,38.04,-84.51
Southwestern Indian Polytechnic Institute,1,Albuquerque,NM,87120,35.18,-106.66
United States Naval Academy,1,Annapolis,MD,21402,38.98,-76.49
Lincoln University,1,Oakland,CA,94612,37.8,-122.27
California State University-San Bernardino - Palm Desert,1,Palm Desert,CA,92211,33.78,-116.36
Wytheville Community College,1,Wytheville,VA,24382,36.96,-81.07
The Juilliard School,2,New York,NY,10023,40.77,-73.99
Culver-Stockton College,2,Canton,MO,63435,40.13,-91.53
Denison University,1,Granville,OH,43023,40.07,-82.52
J F Drake State Community and Technical College,3,Huntsville,AL,35811,34.77,-86.58
West Chester University of Pennsylvania,2,West Chester,PA,19383,39.95,-75.6
Carnegie Mellon University,1,Pittsburgh,PA,15213,40.44,-79.94
University of New Mexico-Main,2,Albuquerque,NM,87106,35.09,-106.62
Ellsworth Community College,1,Iowa Falls,IA,50126,42.53,-93.27
Cameron University - Duncan,1,Duncan,OK,73533,34.49,-97.99
University of Minnesota- Duluth,1,Duluth,MN,55812,46.82,-92.08
Capitol Technology University,1,Laurel,MD,20708,39.05,-76.85
Linfield College-McMinnville Campus,2,McMinnville,OR,97128,45.2,-123.2
Henry Ford College,1,Dearborn,MI,48128,42.32,-83.23
Normandale Community College,1,Bloomington,MN,55431,44.83,-93.33
Portland State University,1,Portland,OR,97201,45.51,-122.68
Calvin College,2,Grand Rapids,MI,49546,42.93,-85.59
Diablo Valley College,1,Pleasant Hill,CA,94523,37.97,-122.07
Indiana University of Pennsylvania-Main Campus,2,Indiana,PA,15705,40.62,-79.16
Coastal Alabama Community College- Fairhope,1,Fairhope,AL,36532,30.52,-87.9
Tulane University of Louisiana- Harahan,1,Elmwood,LA,70123,29.96,-90.18
Elon University - Elon (Main),1,Elon,NC,27244,36.1,-79.5
Southeastern Community College,1,Whiteville,NC,28472,34.33,-78.78
Los Angeles Valley College,1,Los Angeles,CA,91401,34.18,-118.42
John Tyler Community College- Midlothian,1,Midlothian,VA,23114,37.49,-77.67
University of Hartford,1,West Hartford,CT,6117,41.8,-72.71
University of Wisconsin - Green Bay at Sheboygan,2,Sheboygan,WI,53081,43.74,-87.75
Century College,1,White Bear Lake,MN,55110,45.04,-92.98
Minnesota State Community and Technical College- Fergus Falls (Main),1,Fergus Falls,MN,56537,46.29,-96.1
Johnson University Florida,1,Kissimmee,FL,34744,28.3,-81.36
Des Moines Area Community College- Newton,1,Newton,IA,50208,41.7,-93.06
Stillman College,1,Tuscaloosa,AL,35401,33.2,-87.59
Spring Arbor University,1,Spring Arbor,MI,49283,42.21,-84.55
Des Moines Area Community College- Carroll,1,Carroll,IA,51401,42.07,-94.86
Lincoln University,1,Lincoln University,PA,19352,39.81,-75.93
College of Lake County- Grayslake (Main),1,Grayslake,IL,60030,42.35,-88.01
University of Rio Grande,1,Rio Grande,OH,45674,38.88,-82.38
University of Wisconsin-River Falls,1,River Falls,WI,54022,44.85,-92.62
Quinnipiac University - North Haven,1,North Haven,CT,6473,41.41,-72.84
Parker University,1,Dallas,TX,75220,32.88,-96.89
Western Connecticut State University,3,Danbury,CT,6810,41.4,-73.45
Flagler College-Tallahassee,1,Tallahassee,FL,32304,30.44,-84.34
Atlanta Technical College - (Main),1,Atlanta,GA,30310,33.71,-84.41
Sitting Bull University,1,Fort Yates,ND,58538,46.09,-100.66
Thiel College,5,Greenville,PA,16125,41.41,-80.38
Colgate University,3,Hamilton,NY,13346,42.82,-75.54
Pratt Institute-Manhattan Campus,3,New York,NY,10011,40.74,-74
Stanford University,1,Palo Alto,CA,94305,37.41,-122.17
Coastal Alabama Community College - Monroeville,1,Monroeville,AL,36460,31.49,-87.33
Northern Kentucky University,1,Highland Heights,KY,41076,39.03,-84.46
Judson University - Elgin,1,Elgin,IL,60123,42.06,-88.29
Dickinson State University,1,Dickinson,ND,58601,46.88,-102.8
Nebraska College of Technical Agriculture,1,Curtis,NE,69025,40.64,-100.51
Pennsylvania State University-Penn State Wilkes-Barre,14,Lehman,PA,18627,41.31,-76.02
Grand Valley State University - Grand Rapids,2,Grand Rapids,MI,49504,42.96,-85.68
University of North Texas - (Main),2,Denton,TX,76201,33.21,-97.14
Georgia State University-Perimeter College- Atlanta (Main),1,Atlanta,GA,30303,33.75,-84.39
Elgin Community College- (Main),2,Elgin,IL,60123,42.02,-88.32
University of New England- Portland,3,Portland,ME,4103,43.68,-70.3
Cape Cod Community College,3,Barnstable,MA,2668,41.69,-70.34
University of San Francisco,1,San Francisco,CA,94117,37.78,-122.45
Harding University,1,Searcy,AR,72149,35.25,-91.73
Woodland Community College,2,Woodland,CA,95776,38.66,-121.74
University of Minnesota-Twin Cities (St Paul),5,Falcon Heights,MN,55108,44.98511298,-93.18528329
St Louis College of Pharmacy,1,St. Louis,MO,63110,38.64,-90.26
Shorter College,2,North Little Rock,AR,72114,34.76,-92.26
Air Force Institute of Technology-Graduate School of Engineering & Management,2,Fairborn,OH,45324,39.78,-84.08
University of Hawaii-West Oahu,1,Kapolei,HI,96707,21.33,-158.08
Bossier Parish Community College,1,Bossier City,LA,71111,32.54,-93.65
Middlesex Community College - Bedford (Main),1,Bedford,MA,1730,42.51,-71.27
Erie Community College- City Campus (Main),1,Buffalo,NY,14203,42.88,-78.87
Midland University,1,Fremont,NE,68025,41.44,-96.49
Mitchell College,2,New London,CT,6320,41.33,-72.09
The University of Alabama,3,Tuscaloosa,AL,35401,33.21,-87.55
University of South Carolina-Beaufort,1,Bluffton,SC,29909,32.3,-80.97
The University of Tennessee-Knoxville,3,Knoxville,TN,37916,35.9520732,-83.9258338
Coahoma Community College,2,Clarksdale,MS,38614,34.25,-90.57
Florida College,1,Temple Terrace,FL,33617,28.03,-82.38
University of Mary Washington,1,Fredericksburg,VA,22401,38.3,-77.47
Rice University,1,Houston,TX,77005,29.72,-95.4
Florida Agricultural and Mechanical University- Tallahassee (Main),1,Tallahassee,FL,32310,30.43,-84.29
Porterville College,1,Porterville,CA,93257,36.05,-119.02
University of Colorado Boulder,4,Boulder,CO,80302,40,-105.27
Truman State University,3,Kirksville,MO,63501,40.19,-92.58
New River Community and Technical College - Greenbrier Valley,1,Lewisburg,WV,24901,37.8,-80.46
East-West University,1,Chicago,IL,60605,41.87,-87.62
Daytona State College- New Smyrna,1,New Smyrna Beach,FL,32168,29,-80.93
Queens University of Charlotte,1,Charlotte,NC,28274,35.19,-80.83
University of Toledo- (Main),2,Toledo,OH,43606,41.66,-83.61
Lone Star College System- Tomball,2,Tomball,TX,77375,30.11,-95.64
Generations College,1,Chicago,IL,60602,41.88,-87.63
San Jose State University,3,San Jose,CA,95192,37.34,-121.88
Great Bay Community College - Portsmouth (Main),2,Portsmouth,NH,3801,43.07,-70.8
Ohio State University-Lima Campus,3,Lima,OH,45804,40.74,-84.03
Texas Tech University Health Sciences Center- Dallas SW,1,Dallas,TX,75235,32.82,-96.84
Emerson College,1,Boston,MA,2116,42.35,-71.07
College of William and Mary,3,Williamsburg,VA,23185,37.27,-76.71
Rollins College,5,Winter Park,FL,32789,28.59,-81.35
University of Wisconsin-La Crosse,2,La Crosse,WI,54601,43.81,-91.23
Texas A&M University-Kingsville,1,Kingsville,TX,78363,27.53,-97.88
Pennsylvania Academy of the Fine Arts,1,Philadelphia,PA,19102,39.96,-75.16
Evangel University,1,Springfield,MO,65802,37.22,-93.26
Keene State College,2,Keene,NH,3431,42.93,-72.28
Rocky Mountain College of Art and Design,1,Denver,CO,80224-2355,39.67889,-104.9088
Mid Michigan Community College- Mt. Pleasant,1,Mount Pleasant,MI,48858,43.6,-84.73
Lincoln Memorial University,1,Cumberland Gap,TN,37724,36.58,-83.66
Minnesota State University-Mankato,3,Mankato,MN,56001,44.15,-94
McPherson College,2,McPherson,KS,67460,38.37,-97.64
University of Maine at Fort Kent,2,Fort Kent,ME,4743,47.25,-68.59
Cuyamaca College,1,El Cajon,CA,92019,32.75,-116.94
National Louis University-Chicago Loop (Main),2,Chicago,IL,60603,41.88,-87.62
California State University-Bakersfield,1,Bakersfield,CA,93311,35.35,-119.1
Bowdoin College,1,Brunswick,ME,4011,43.91,-69.97
Louisiana Tech University- Ruston,1,Ruston,LA,71272,32.53,-92.65
Gannon University - Erie (Main),1,Erie,PA,16507,42.13,-80.09
University of Arkansas at Little Rock,1,Little Rock,AR,72204,34.72,-92.34
Chapman University,3,Orange,CA,92866,33.79,-117.85
Wor-Wic Community College,2,Salisbury,MD,21804,38.37,-75.5
Valencia College- Osceola,2,Kissimmee,FL,34744,28.3076221,-81.3816058
Central Piedmont Community College- Merancas,2,Huntersville,NC,28078,35.39,-80.84
University of Georgia- Athens (Main),8,Athens,GA,30609,33.95,-83.38
Oklahoma Christian University,1,Edmond,OK,73013,35.61,-97.47
University of Minnesota-Twin Cities (Minneapolis) Main,4,Minneapolis,MN,55455,44.98,-93.23
Central Arizona College- Apache Junction/Superstition Mountain,1,Apache Junction,AZ,85119,33.41,-111.54
University of Washington-Seattle Campus (Main),4,Seattle,WA,98105,47.66,-122.31
Stony Brook University- (Main),1,Stony Brook,NY,11790,40.91,-73.12
University of Illinois at Urbana-Champaign,6,Champaign,IL,61820,40.11,-88.23
Wittenberg University,1,Springfield,OH,45504,39.93,-83.81
Coconino Community College- Flagstaff (Main),1,Flagstaff,AZ,86001,35.17,-111.64
Cochise County Community College District- Douglas (Main),1,Douglas,AZ,85607,31.37,-109.69
Lakeland University,1,Plymouth,WI,53073,43.84,-87.89
Ivy Tech Community College- Warsaw,1,Warsaw,IN,46582,41.27,-85.87
Delaware Valley University,4,Doylestown,PA,18901,40.3,-75.16
Sauk Valley Community College,2,Dixon,IL,61021,41.82,-89.6
Red Rocks Community College,1,Lakewood,CO,80228,39.72,-105.15
Tiffin University,2,Tiffin,OH,44883,41.12,-83.18
Central Arizona College- Queen Creek/San Tan,2,San Tan Valley,AZ,85143,33.17,-111.52
Brazosport College,1,Lake Jackson,TX,77566,29.05,-95.41
Bethel College-Indiana,3,Mishawaka,IN,46545,41.68,-86.19
Marshalltown Community College - Marshalltown (Main),2,Marshalltown,IA,50158,42,-92.91
Florida Gulf Coast University,1,Fort Myers,FL,33965,26.46,-81.78
Houston Community College- Central (Main),2,Houston,TX,77002,29.74,-95.38
Houston Community College- Katy,1,Houston,TX,77084,29.79,-95.71
Centralia College,3,Centralia,WA,98531,46.72,-122.96
University of California-San Diego,1,San Diego,CA,92093,32.88,-117.23
Texas A&M University (Main),4,College Station,TX,77840,30.62,-96.34
Virginia Polytechnic Institute and State University,6,Blacksburg,VA,24061,37.2287247,-80.4233796
Austin Community College - Hays,1,Kyle,TX,78640,30.03,-97.87
Lone Star College System- Kingwood,1,Porter,TX,77365,30.06,-95.26
Emily Griffith University,1,Denver,CO,80203,39.75,-104.99
Spelman College,1,Atlanta,GA,30314,33.75,-84.41
Bastyr University,1,Kenmore,WA,98028,47.73,-122.25
